C:\dev\fd\faces\cropped\0_10_10_200_200.jpg;0
C:\dev\fd\faces\cropped\0_20_20_200_200.jpg;0
C:\dev\fd\faces\cropped\0_30_30_200_200.jpg;0
C:\dev\fd\faces\cropped\1_10_10_200_200.jpg;1
C:\dev\fd\faces\cropped\1_20_20_200_200.jpg;1
C:\dev\fd\faces\cropped\1_30_30_200_200.jpg;1
C:\dev\fd\faces\cropped\2_10_10_200_200.jpg;2
C:\dev\fd\faces\cropped\2_20_20_200_200.jpg;2
C:\dev\fd\faces\cropped\2_30_30_200_200.jpg;2
C:\dev\fd\faces\cropped\3_10_10_200_200.jpg;3
C:\dev\fd\faces\cropped\3_20_20_200_200.jpg;3
C:\dev\fd\faces\cropped\3_30_30_200_200.jpg;3
C:\dev\fd\faces\cropped\4_10_10_200_200.jpg;4
C:\dev\fd\faces\cropped\4_20_20_200_200.jpg;4
C:\dev\fd\faces\cropped\4_30_30_200_200.jpg;4
C:\dev\fd\faces\cropped\5_10_10_200_200.jpg;5
C:\dev\fd\faces\cropped\5_20_20_200_200.jpg;5
C:\dev\fd\faces\cropped\5_30_30_200_200.jpg;5
C:\dev\fd\faces\cropped\6_10_10_200_200.jpg;6
C:\dev\fd\faces\cropped\6_20_20_200_200.jpg;6
C:\dev\fd\faces\cropped\6_30_30_200_200.jpg;6
C:\dev\fd\faces\cropped\7_10_10_200_200.jpg;7
C:\dev\fd\faces\cropped\7_20_20_200_200.jpg;7
C:\dev\fd\faces\cropped\7_30_30_200_200.jpg;7
C:\dev\fd\faces\cropped\8_10_10_200_200.jpg;8
C:\dev\fd\faces\cropped\8_20_20_200_200.jpg;8
C:\dev\fd\faces\cropped\8_30_30_200_200.jpg;8
C:\dev\fd\faces\cropped\manish_10_10_200_200.jpg;9
C:\dev\fd\faces\cropped\manish_20_20_200_200.jpg;9
C:\dev\fd\faces\cropped\manish_30_30_200_200.jpg;9